case,scale_vs_240k,formula,batch_size,workers,selected_method,mean_mass_da,mass_mda,profile_sigma_da,dm,resolving_power,n_fft,n_positive,window_width_da,active_fraction,table_nbytes,table_mib,build_s,residual_1_worker_s,residual_parallel_s,parallel_speedup,parallel_rel_l2,czt_window_s,full_profile_single_s,repeats
ultra_8192x_240k,8192,C81920000H131072000N21299200O29491200S1638400,1,4,cython_log_pruned_attn32,1938748116.489385,1938.748116489385,8323.97873373264,0.002,100000.0,51667875,25833938,103335.75,5.806315707655565e-07,3306744164,3153.5569801330566,90.31064209993929,0.020864299964159727,0.00015580002218484879,133.9171822415102,0.0,0.21848200005479157,nan,1
