case,scale_vs_240k,formula,batch_size,workers,selected_method,mean_mass_da,mass_mda,profile_sigma_da,dm,resolving_power,n_fft,n_positive,window_width_da,active_fraction,table_nbytes,table_mib,build_s,residual_1_worker_s,residual_parallel_s,parallel_speedup,parallel_rel_l2,czt_window_s,full_profile_single_s,repeats
ultra_256x_240k,256,C2560000H4096000N665600O921600S51200,10,4,cython_log_pruned_attn32,60585878.64029328,60.58587864029328,336.47303666773036,0.002,100000.0,2066715,1033358,4133.43,1.4515782526481626e-05,132269924,126.14242935180664,1.48044369998388,0.00010890001431107521,0.0001409999094903469,0.7723410228042075,0.0,0.07757050008513033,0.09856970002874732,5
ultra_512x_240k,512,C5120000H8192000N1331200O1843200S102400,10,4,cython_log_pruned_attn32,121171757.28058656,121.17175728058656,599.0149208314863,0.002,100000.0,3720087,1860044,7440.174,8.064325360045246e-06,238085732,227.05624771118164,3.5295074000023305,0.00010570022277534008,0.00013250019401311874,0.7977363622944943,0.0,0.11281429999507964,0.19141860003583133,5
