case,scale_vs_240k,formula,batch_size,workers,selected_method,mean_mass_da,mass_mda,profile_sigma_da,dm,resolving_power,n_fft,n_positive,window_width_da,active_fraction,table_nbytes,table_mib,build_s,residual_1_worker_s,residual_parallel_s,parallel_speedup,parallel_rel_l2,czt_window_s,full_profile_single_s,repeats
ultra_1024x_240k,1024,C10240000H16384000N2662400O3686400S204800,10,4,cython_log_pruned_attn32,242343514.5611731,242.34351456117312,1116.7812753790604,0.002,100000.0,6751269,3375635,13502.538,4.443608387755193e-06,432081380,412.06491470336914,8.96726890001446,0.00012570014223456383,0.00021460000425577164,0.5857415645003797,0.0,0.23499889997765422,0.4947728000115603,3
