case,scale_vs_240k,formula,batch_size,workers,selected_method,mean_mass_da,mass_mda,profile_sigma_da,dm,resolving_power,n_fft,n_positive,window_width_da,active_fraction,table_nbytes,table_mib,build_s,residual_1_worker_s,residual_parallel_s,parallel_speedup,parallel_rel_l2,czt_window_s,full_profile_single_s,repeats
ultra_4096x_240k,4096,C40960000H65536000N10649600O14745600S819200,1,4,cython_log_pruned_attn32,969374058.2446924,969.3740582446925,4206.935423662189,0.002,100000.0,26040609,13020305,52081.218,1.1520467454487432e-06,1666599140,1589.3927955627441,30.18857439979911,0.0019099998753517866,0.00010145001579076052,18.827004219409282,0.0,0.10591944993939251,1.7133330500219017,2
