case,scale_vs_240k,formula,batch_size,workers,selected_method,mean_mass_da,mass_mda,profile_sigma_da,dm,resolving_power,n_fft,n_positive,window_width_da,active_fraction,table_nbytes,table_mib,build_s,residual_1_worker_s,residual_parallel_s,parallel_speedup,parallel_rel_l2,czt_window_s,full_profile_single_s,repeats
ultra_2048x_240k,2048,C20480000H32768000N5324800O7372800S409600,10,4,cython_log_pruned_attn32,484687029.1223462,484.68702912234625,2147.708429744054,0.002,100000.0,13286025,6643013,26572.05,2.258011537836822e-06,850305764,810.9147682189941,8.361684100003913,0.00012960005551576614,0.006546300137415528,0.019797450895206296,0.0,0.40333579992875457,0.676529300166294,3
